{
  "navList": [
    {
      "label": "네이버",
      "href": "/index/index",
      "value": "https://search.naver.com/search.naver?&query=",
      "icon": "home"
    },
    {
      "label": "收录&留言",
      "href": "/richtext/index",
      "value": "https://search.naver.com/search.naver?&query=",
      "icon": "qrcode"
    },
    {
      "label": "值得一看",
      "href": "https://www.baidu.com",
      "value": "https://search.naver.com/search.naver?&query=",
      "icon": "newspaper"
    },
    {
      "label": "最新地址",
      "href": "https://www.naver.com",
      "value": "https://search.naver.com/search.naver?&query=",
      "icon": "location arrow"
    }
  ],
  "mailOptions": {
    "mail": "wjdrkdbs9310@163.com"
  },
  "selectOptions": [
    {
      "label": "네이버",
      "value": "https://search.naver.com/search.naver?&query="
    },
    {
      "label": "구글",
      "value": "https://www.google.co.kr/search?q="
    },
    {
      "label": "실시간검색어(그냥Go)",
      "value": "https://trends.google.co.kr/trends/trendingsearches/daily?geo=KR"
    },
    {
      "label": "네이트",
      "value": "https://search.daum.net/search?w=tot&q="
    },
    {
      "label": " 네이버지도",
      "value": "https://map.naver.com/v5/search/"
    },
    {
      "label": " 네이버쇼핑",
      "value": "https://search.shopping.naver.com/search/all?query="
    }
  ],
  "searchLink": [
    {
      "title": "광고모집",
      "href": "https://www.naver.com",
      "icon": "https://f.10yun.com/business/3/yw_sns/2019/0303/3_87856531.png?1551609159"
    },
    {
      "title": "광고모집1",
      "href": "https://www.naver.com"
    },
    {
      "title": "광고모집2",
      "href": "https://www.naver.com"
    },
    {
      "title": "광고모집3",
      "href": "https://www.naver.com"
    },
    {
      "title": "광고모집4",
      "href": "https://www.naver.com"
    },
    {
      "title": "광고모집5",
      "href": "https://www.naver.com"
    },
    {
      "title": "광고모집16",
      "href": "https://www.naver.com"
    },
    {
      "title": "광고모집7",
      "href": "https://www.naver.com"
    },
    {
      "title": "광고모집8",
      "href": "https://www.naver.com"
    },
    {
      "title": "광고모집9",
      "href": "https://www.naver.com"
    },
    {
      "title": "광고모집10",
      "href": "https://www.naver.com"
    },
    {
      "title": "광고모집11",
      "href": "https://www.naver.com"
    },
    {
      "title": "광고모집12",
      "href": "https://www.naver.com"
    },
    {
      "title": "광고모집13",
      "href": "https://www.naver.com"
    },
    {
      "title": "광고모집14",
      "href": "https://www.naver.com"
    }
  ],
  "TOP": [
    {
      "title": "AV쏘걸",
      "href": "https://kr20.sogirl.co/",
      "color": "Purple",
      "icon": "https://f.10yun.com/business/3/yw_sns/2019/0303/3_87856531.png?1551609159"
    },
    {
      "title": "avSee",
      "href": "https://avsee13.tv/",
      "color": "LightSeaGreen",
      "icon": "https://f.10yun.com/business/3/yw_sns/2019/0303/3_87856531.png?1551609159"
    },
    {
      "title": "야동판",
      "href": "https://yadongpan15.org/",
      "color": "BlueViolet",
      "icon": "https://f.10yun.com/business/3/yw_sns/2019/0303/3_87856531.png?1551609159"
    },
    {
      "title": "av탑걸",
      "href": "https://kr.topgirl.co/",
      "color": "DodgerBlue",
      "icon": "https://f.10yun.com/business/3/yw_sns/2019/0303/3_87856531.png?1551609159"
    },
    {
      "title": "av닷컴",
      "href": "https://av-1.live",
      "color": "DarkGoldenrod",
      "icon": "https://f.10yun.com/business/3/yw_sns/2019/0303/3_87856531.png?1551609159"
    },
    {
      "title": "도전닷컴",
      "href": "http://dojun1.com",
      "color": "Tomato",
      "icon": "https://f.10yun.com/business/3/yw_sns/2019/0303/3_87856531.png?1551609159"
    },
    {
      "title": "유흥조타",
      "href": "https://www.yhzt02.me/",
      "color": "Black",
      "icon": "https://f.10yun.com/business/3/yw_sns/2019/0303/3_87856531.png?1551609159"
    },
    {
      "title": "야딸두",
      "href": "https://kr.yaddr.co",
      "color": "MediumBlue",
      "icon": "https://f.10yun.com/business/3/yw_sns/2019/0303/3_87856531.png?1551609159"
    },
    {
      "title": "보지넷",
      "href": "http://bo-zi20.net",
      "color": "CadetBlue",
      "icon": "https://f.10yun.com/business/3/yw_sns/2019/0303/3_87856531.png?1551609159"
    },
    {
      "title": "야비디오",
      "href": "https://yavideo.net/",
      "color": "Gray",
      "icon": "https://f.10yun.com/business/3/yw_sns/2019/0303/3_87856531.png?1551609159"
    },
    {
      "title": "천사티비",
      "href": "http://1004cube.com/",
      "color": "Salmon",
      "icon": "https://f.10yun.com/business/3/yw_sns/2019/0303/3_87856531.png?1551609159"
    },
    {
      "title": "콘박스",
      "href": "https://conbox5.com/",
      "color": "DarkGreen",
      "icon": "https://f.10yun.com/business/3/yw_sns/2019/0303/3_87856531.png?1551609159"
    },
    {
      "title": "지옥넷",
      "href": "https://jiok34.net/",
      "color": "DarkSlateGray",
      "icon": "https://f.10yun.com/business/3/yw_sns/2019/0303/3_87856531.png?1551609159"
    },
    {
      "title": "섹스노리",
      "href": "https://www.sexnori10.me/",
      "color": "DeepPink",
      "icon": "https://f.10yun.com/business/3/yw_sns/2019/0303/3_87856531.png?1551609159"
    },
    {
      "title": "두루마리",
      "href": "https://durumari01.club",
      "color": "Indigo",
      "icon": "https://f.10yun.com/business/3/yw_sns/2019/0303/3_87856531.png?1551609159"
    }
  ],
  "推荐①区": [
    {
      "title": "오피타임",
      "href": "https://optime27.com/",
      "color": "DodgerBlue",
      "icon": "https://f.10yun.com/business/3/yw_sns/2019/0303/3_87856531.png?1551609159"
    },
    {
      "title": "오피가이드",
      "href": "https://opga53.com/",
      "color": "DodgerBlue",
      "icon": "https://f.10yun.com/business/3/yw_sns/2019/0303/3_87856531.png?1551609159"
    },
    {
      "title": "밤의제국",
      "href": "https://bamje1.com/",
      "color": "DodgerBlue",
      "icon": "https://f.10yun.com/business/3/yw_sns/2019/0303/3_87856531.png?1551609159"
    },
    {
      "title": "오피탑",
      "href": "https://optop6.com/",
      "color": "DodgerBlue",
      "icon": "https://f.10yun.com/business/3/yw_sns/2019/0303/3_87856531.png?1551609159"
    },
    {
      "title": "오피월드",
      "href": "https://opworlds.com/",
      "color": "DodgerBlue",
      "icon": "https://f.10yun.com/business/3/yw_sns/2019/0303/3_87856531.png?1551609159"
    },
    {
      "title": "밤의민족",
      "href": "https://www.zmm234h.com/",
      "color": "DodgerBlue",
      "icon": "https://f.10yun.com/business/3/yw_sns/2019/0303/3_87856531.png?1551609159"
    },
    {
      "title": "오피스타",
      "href": "https://opstar24.com/",
      "color": "DodgerBlue",
      "icon": "https://f.10yun.com/business/3/yw_sns/2019/0303/3_87856531.png?1551609159"
    },
    {
      "title": "홍반장",
      "href": "http://bam-bi85.com",
      "color": "DodgerBlue",
      "icon": "https://f.10yun.com/business/3/yw_sns/2019/0303/3_87856531.png?1551609159"
    },
    {
      "title": "늦대훈련소",
      "href": "http://www.bamwolf.com/",
      "color": "DodgerBlue",
      "icon": "https://f.10yun.com/business/3/yw_sns/2019/0303/3_87856531.png?1551609159"
    },
    {
      "title": "오피그램",
      "href": "http://opgram24.com/",
      "color": "DodgerBlue",
      "icon": "https://f.10yun.com/business/3/yw_sns/2019/0303/3_87856531.png?1551609159"
    },
    {
      "title": "오피나라",
      "href": "https://opnara2.net/",
      "color": "DodgerBlue",
      "icon": "https://f.10yun.com/business/3/yw_sns/2019/0303/3_87856531.png?1551609159"
    },
    {
      "title": "밤의전쟁 시즌2",
      "href": "http://newbam21.com/",
      "color": "DodgerBlue",
      "icon": "https://f.10yun.com/business/3/yw_sns/2019/0303/3_87856531.png?1551609159"
    },
    {
      "title": "뜨거운밤",
      "href": "https://ddbam6.com/",
      "color": "DodgerBlue",
      "icon": "https://f.10yun.com/business/3/yw_sns/2019/0303/3_87856531.png?1551609159"
    },
    {
      "title": "밤인싸",
      "href": "https://op.baminssa.com/",
      "color": "DodgerBlue",
      "icon": "https://f.10yun.com/business/3/yw_sns/2019/0303/3_87856531.png?1551609159"
    },
    {
      "title": "부산달리기",
      "href": "https://busandal51.net/",
      "color": "DodgerBlue",
      "icon": "https://f.10yun.com/business/3/yw_sns/2019/0303/3_87856531.png?1551609159"
    },
    {
      "title": "안마야",
      "href": "https://anmaya789.com/",
      "color": "DodgerBlue",
      "icon": "https://f.10yun.com/business/3/yw_sns/2019/0303/3_87856531.png?1551609159"
    },
    {
      "title": "슬기로운부산생활",
      "href": "http://sgbusan.com/",
      "color": "DodgerBlue",
      "icon": "https://f.10yun.com/business/3/yw_sns/2019/0303/3_87856531.png?1551609159"
    },
    {
      "title": "여탑",
      "href": "http://yt130.org/",
      "color": "DodgerBlue",
      "icon": "https://f.10yun.com/business/3/yw_sns/2019/0303/3_87856531.png?1551609159"
    },
    {
      "title": "야플렉스",
      "href": "https://ya-flex.5to.me/",
      "color": "DodgerBlue",
      "icon": "https://f.10yun.com/business/3/yw_sns/2019/0303/3_87856531.png?1551609159"
    },
    {
      "title": "DC달밤",
      "href": "https://dcdalbam33.com/",
      "color": "DodgerBlue",
      "icon": "https://f.10yun.com/business/3/yw_sns/2019/0303/3_87856531.png?1551609159"
    },
    {
      "title": "떡치는밤",
      "href": "https://ddukbam2.com/",
      "color": "DodgerBlue",
      "icon": "https://f.10yun.com/business/3/yw_sns/2019/0303/3_87856531.png?1551609159"
    },
    {
      "title": "밤꽃",
      "href": "https://kkot4.bamkkot.co/",
      "color": "DodgerBlue",
      "icon": "https://f.10yun.com/business/3/yw_sns/2019/0303/3_87856531.png?1551609159"
    },
    {
      "title": "마사데이",
      "href": "https://ma4day.com/",
      "color": "DodgerBlue",
      "icon": "https://f.10yun.com/business/3/yw_sns/2019/0303/3_87856531.png?1551609159"
    },
    {
      "title": "강남오피",
      "href": "https://op-kr.com/",
      "color": "DodgerBlue",
      "icon": "https://f.10yun.com/business/3/yw_sns/2019/0303/3_87856531.png?1551609159"
    },
    {
      "title": "오빠방콕",
      "href": "https://www.oppabkk1.com/",
      "color": "DodgerBlue",
      "icon": "https://f.10yun.com/business/3/yw_sns/2019/0303/3_87856531.png?1551609159"
    },
    {
      "title": "네이버",
      "href": "https://naver.com/",
      "color": "DodgerBlue",
      "icon": "https://f.10yun.com/business/3/yw_sns/2019/0303/3_87856531.png?1551609159"
    },
    {
      "title": "네이버",
      "href": "https://naver.com/",
      "color": "DodgerBlue",
      "icon": "https://f.10yun.com/business/3/yw_sns/2019/0303/3_87856531.png?1551609159"
    },
    {
      "title": "네이버",
      "href": "https://naver.com/",
      "color": "DodgerBlue",
      "icon": "https://f.10yun.com/business/3/yw_sns/2019/0303/3_87856531.png?1551609159"
    }
  ],
  "推荐②区": [
    {
      "title": "유흥조타",
      "href": "https://www.yhzt02.me/",
      "color": "LightSeaGreen",
      "icon": "https://f.10yun.com/business/3/yw_sns/2019/0303/3_87856531.png?1551609159"
    },
    {
      "title": "야딸두",
      "href": "https://kr.yaddr.co/",
      "color": "LightSeaGreen",
      "icon": "https://f.10yun.com/business/3/yw_sns/2019/0303/3_87856531.png?1551609159"
    },
    {
      "title": "보지넷",
      "href": "http://bo-zi20.net",
      "color": "LightSeaGreen",
      "icon": "https://f.10yun.com/business/3/yw_sns/2019/0303/3_87856531.png?1551609159"
    },
    {
      "title": "도전닷컴",
      "href": "http://dojun1.com/",
      "color": "LightSeaGreen",
      "icon": "https://f.10yun.com/business/3/yw_sns/2019/0303/3_87856531.png?1551609159"
    },
    {
      "title": "avSee",
      "href": "https://avsee13.tv/",
      "color": "LightSeaGreen",
      "icon": "https://f.10yun.com/business/3/yw_sns/2019/0303/3_87856531.png?1551609159"
    },
    {
      "title": "중국",
      "href": "http://hscangku.com/",
      "color": "LightSeaGreen",
      "icon": "https://f.10yun.com/business/3/yw_sns/2019/0303/3_87856531.png?1551609159"
    },
    {
      "title": "야비디오",
      "href": "https://yavideo.net/",
      "color": "LightSeaGreen",
      "icon": "https://f.10yun.com/business/3/yw_sns/2019/0303/3_87856531.png?1551609159"
    },
    {
      "title": "천사티비",
      "href": "http://1004cube.com/",
      "color": "LightSeaGreen",
      "icon": "https://f.10yun.com/business/3/yw_sns/2019/0303/3_87856531.png?1551609159"
    },
    {
      "title": "콘박스",
      "href": "https://conbox5.com/",
      "color": "LightSeaGreen",
      "icon": "https://f.10yun.com/business/3/yw_sns/2019/0303/3_87856531.png?1551609159"
    },
    {
      "title": "지옥넷",
      "href": "https://jiok34.net/",
      "color": "LightSeaGreen",
      "icon": "https://f.10yun.com/business/3/yw_sns/2019/0303/3_87856531.png?1551609159"
    },
    {
      "title": "섹스노리",
      "href": "https://www.sexnori10.me/",
      "color": "LightSeaGreen",
      "icon": "https://f.10yun.com/business/3/yw_sns/2019/0303/3_87856531.png?1551609159"
    },
    {
      "title": "두루마리",
      "href": "https://durumari01.club/",
      "color": "LightSeaGreen",
      "icon": "https://f.10yun.com/business/3/yw_sns/2019/0303/3_87856531.png?1551609159"
    },
    {
      "title": "다이소",
      "href": "https://www.dayisoo2.me/",
      "color": "LightSeaGreen",
      "icon": "https://f.10yun.com/business/3/yw_sns/2019/0303/3_87856531.png?1551609159"
    },
    {
      "title": "저세상",
      "href": "http://www.zess1.com/",
      "color": "LightSeaGreen",
      "icon": "https://f.10yun.com/business/3/yw_sns/2019/0303/3_87856531.png?1551609159"
    },
    {
      "title": "av닷컴",
      "href": "https://av-1.live/",
      "color": "LightSeaGreen",
      "icon": "https://f.10yun.com/business/3/yw_sns/2019/0303/3_87856531.png?1551609159"
    },
    {
      "title": "AV쏘걸wp",
      "href": "https://kr20.sogirl.co/",
      "color": "LightSeaGreen",
      "icon": "https://f.10yun.com/business/3/yw_sns/2019/0303/3_87856531.png?1551609159"
    },
    {
      "title": "av보걸wp",
      "href": "https://kr.vogirl.co/",
      "color": "LightSeaGreen",
      "icon": "https://f.10yun.com/business/3/yw_sns/2019/0303/3_87856531.png?1551609159"
    },
    {
      "title": "av좋아wp",
      "href": "https://avjoa2.com/",
      "color": "LightSeaGreen",
      "icon": "https://f.10yun.com/business/3/yw_sns/2019/0303/3_87856531.png?1551609159"
    },
    {
      "title": "야동판wp",
      "href": "https://yadongpan15.org/",
      "color": "LightSeaGreen",
      "icon": "https://f.10yun.com/business/3/yw_sns/2019/0303/3_87856531.png?1551609159"
    },
    {
      "title": "물사냥",
      "href": "https://www.mulsn2020.com/",
      "color": "LightSeaGreen",
      "icon": "https://f.10yun.com/business/3/yw_sns/2019/0303/3_87856531.png?1551609159"
    },
    {
      "title": "사이즈19",
      "href": "https://size255.us/",
      "color": "LightSeaGreen",
      "icon": "https://f.10yun.com/business/3/yw_sns/2019/0303/3_87856531.png?1551609159"
    },
    {
      "title": "송송넷",
      "href": "http://ssongssong25.net/",
      "color": "Aqua",
      "icon": "https://f.10yun.com/business/3/yw_sns/2019/0303/3_87856531.png?1551609159"
    },
    {
      "title": "69밤",
      "href": "http://69bam3.me/",
      "color": "Aqua",
      "icon": "https://f.10yun.com/business/3/yw_sns/2019/0303/3_87856531.png?1551609159"
    },
    {
      "title": "만두야",
      "href": "https://www.manduya10.com/",
      "color": "Aqua",
      "icon": "https://f.10yun.com/business/3/yw_sns/2019/0303/3_87856531.png?1551609159"
    },
    {
      "title": "av탑걸wp",
      "href": "https://kr.topgirl.co/",
      "color": "LightSeaGreen",
      "icon": "https://f.10yun.com/business/3/yw_sns/2019/0303/3_87856531.png?1551609159"
    },
    {
      "title": "황진이",
      "href": "https://www.jinyi9.com/",
      "color": "Aqua",
      "icon": "https://f.10yun.com/business/3/yw_sns/2019/0303/3_87856531.png?1551609159"
    }
  ],
  "站长推荐": [
    {
      "title": "섹툰",
      "href": "https://sektoon11.org/",
      "color": "BlueViolet",
      "icon": "https://f.10yun.com/business/3/yw_sns/2019/0303/3_87856531.png?1551609159"
    },
    {
      "title": "블랙툰",
      "href": "https://blacktoon107.com/",
      "color": "BlueViolet",
      "icon": "https://f.10yun.com/business/3/yw_sns/2019/0303/3_87856531.png?1551609159"
    },
    {
      "title": "늑대닷컴",
      "href": "https://wfwf157.com/",
      "color": "BlueViolet",
      "icon": "https://f.10yun.com/business/3/yw_sns/2019/0303/3_87856531.png?1551609159"
    },
    {
      "title": "밤토끼 시즌2",
      "href": "https://bam211co.com/",
      "color": "BlueViolet",
      "icon": "https://f.10yun.com/business/3/yw_sns/2019/0303/3_87856531.png?1551609159"
    },
    {
      "title": "툰코",
      "href": "https://tkor.sbs/",
      "color": "BlueViolet",
      "icon": "https://f.10yun.com/business/3/yw_sns/2019/0303/3_87856531.png?1551609159"
    },
    {
      "title": "뉴토끼",
      "href": "https://newtoki95.com/",
      "color": "BlueViolet",
      "icon": "https://f.10yun.com/business/3/yw_sns/2019/0303/3_87856531.png?1551609159"
    },
    {
      "title": "후두코믹스",
      "href": "https://hdhd73.net",
      "color": "BlueViolet",
      "icon": "https://f.10yun.com/business/3/yw_sns/2019/0303/3_87856531.png?1551609159"
    },
    {
      "title": "펀비",
      "href": "https://funbe.kim/",
      "color": "BlueViolet",
      "icon": "https://f.10yun.com/business/3/yw_sns/2019/0303/3_87856531.png?1551609159"
    },
    {
      "title": "툰사랑",
      "href": "https://toonsarang.buzz/",
      "color": "BlueViolet",
      "icon": "https://f.10yun.com/business/3/yw_sns/2019/0303/3_87856531.png?1551609159"
    },
    {
      "title": "툰코시즌2",
      "href": "https://simco10.com/",
      "color": "BlueViolet",
      "icon": "https://f.10yun.com/business/3/yw_sns/2019/0303/3_87856531.png?1551609159"
    },
    {
      "title": "오른손웹툰",
      "href": "http://5rs-a36.com/",
      "color": "BlueViolet",
      "icon": "https://f.10yun.com/business/3/yw_sns/2019/0303/3_87856531.png?1551609159"
    },
    {
      "title": "핫애니베스트",
      "href": "https://hot-ani.xyz/",
      "color": "BlueViolet",
      "icon": "https://f.10yun.com/business/3/yw_sns/2019/0303/3_87856531.png?1551609159"
    },
    {
      "title": "카피툰",
      "href": "https://copytoon142.com/",
      "color": "BlueViolet",
      "icon": "https://f.10yun.com/business/3/yw_sns/2019/0303/3_87856531.png?1551609159"
    },
    {
      "title": "마나토끼",
      "href": "https://manatoki95.net/",
      "color": "BlueViolet",
      "icon": "https://f.10yun.com/business/3/yw_sns/2019/0303/3_87856531.png?1551609159"
    },
    {
      "title": "당근툰",
      "href": "https://dangtoon56.com/",
      "color": "BlueViolet",
      "icon": "https://f.10yun.com/business/3/yw_sns/2019/0303/3_87856531.png?1551609159"
    },
    {
      "title": "프릭툰",
      "href": "https://frtoon71.com/",
      "color": "BlueViolet",
      "icon": "https://f.10yun.com/business/3/yw_sns/2019/0303/3_87856531.png?1551609159"
    },
    {
      "title": "마루마루",
      "href": "https://marumaru.cloud/",
      "color": "BlueViolet",
      "icon": "https://f.10yun.com/business/3/yw_sns/2019/0303/3_87856531.png?1551609159"
    },
    {
      "title": "여우코믹스",
      "href": "https://fxfx74.com/",
      "color": "BlueViolet",
      "icon": "https://f.10yun.com/business/3/yw_sns/2019/0303/3_87856531.png?1551609159"
    },
    {
      "title": "호호툰",
      "href": "https://hohotoon24.com/",
      "color": "BlueViolet",
      "icon": "https://f.10yun.com/business/3/yw_sns/2019/0303/3_87856531.png?1551609159"
    },
    {
      "title": "w툰",
      "href": "https://wtwt85.com/",
      "color": "BlueViolet",
      "icon": "https://f.10yun.com/business/3/yw_sns/2019/0303/3_87856531.png?1551609159"
    },
    {
      "title": "애니365",
      "href": "https://ohli365.com/",
      "color": "BlueViolet",
      "icon": "https://f.10yun.com/business/3/yw_sns/2019/0303/3_87856531.png?1551609159"
    }
  ],
  "在线视频": [
    {
      "title": "민트엘리",
      "href": "https://www.mintelly.com/",
      "color": "Tomato",
      "icon": "https://f.10yun.com/business/3/yw_sns/2019/0303/3_87856531.png?1551609159"
    },
    {
      "title": "마이비누닷컴",
      "href": "https://k7.imybinoo.org/",
      "color": "Tomato",
      "icon": "https://f.10yun.com/business/3/yw_sns/2019/0303/3_87856531.png?1551609159"
    },
    {
      "title": "소나기티비",
      "href": "https://sonagitv.com/",
      "color": "Tomato",
      "icon": "https://f.10yun.com/business/3/yw_sns/2019/0303/3_87856531.png?1551609159"
    },
    {
      "title": "링크바다",
      "href": "https://t57.in4tong.com/",
      "color": "Tomato",
      "icon": "https://f.10yun.com/business/3/yw_sns/2019/0303/3_87856531.png?1551609159"
    },
    {
      "title": "영화조타",
      "href": "https://mov42.zota.club/",
      "color": "Tomato",
      "icon": "https://f.10yun.com/business/3/yw_sns/2019/0303/3_87856531.png?1551609159"
    },
    {
      "title": "무비조타",
      "href": "https://z44.moviejo.net/",
      "color": "Tomato",
      "icon": "https://f.10yun.com/business/3/yw_sns/2019/0303/3_87856531.png?1551609159"
    },
    {
      "title": "한인영화",
      "href": "http://02.newsdaum.com/",
      "color": "Tomato",
      "icon": "https://f.10yun.com/business/3/yw_sns/2019/0303/3_87856531.png?1551609159"
    },
    {
      "title": "쿠쿠티비",
      "href": "https://k7.iqooqootv.org/",
      "color": "Tomato",
      "icon": "https://f.10yun.com/business/3/yw_sns/2019/0303/3_87856531.png?1551609159"
    },
    {
      "title": "코무비",
      "href": "https://m01.kormovie.com/",
      "color": "Tomato",
      "icon": "https://f.10yun.com/business/3/yw_sns/2019/0303/3_87856531.png?1551609159"
    },
    {
      "title": "타조티비",
      "href": "https://tazotv23.com/",
      "color": "Tomato",
      "icon": "https://f.10yun.com/business/3/yw_sns/2019/0303/3_87856531.png?1551609159"
    },
    {
      "title": "티비착",
      "href": "https://tvchak.com/",
      "color": "Tomato",
      "icon": "https://f.10yun.com/business/3/yw_sns/2019/0303/3_87856531.png?1551609159"
    },
    {
      "title": "티비풍",
      "href": "https://tvpong1.com/",
      "color": "Tomato",
      "icon": "https://f.10yun.com/business/3/yw_sns/2019/0303/3_87856531.png?1551609159"
    },
    {
      "title": "오구오구tv",
      "href": "https://ogu43.o9o9tv.com/",
      "color": "Tomato",
      "icon": "https://f.10yun.com/business/3/yw_sns/2019/0303/3_87856531.png?1551609159"
    },
    {
      "title": "공짜티비",
      "href": "https://tv14.gongzza.net/",
      "color": "Tomato",
      "icon": "https://f.10yun.com/business/3/yw_sns/2019/0303/3_87856531.png?1551609159"
    },
    {
      "title": "코리안티비",
      "href": "https://k3.koreanz.fun/",
      "color": "Tomato",
      "icon": "https://f.10yun.com/business/3/yw_sns/2019/0303/3_87856531.png?1551609159"
    },
    {
      "title": "다프리",
      "href": "https://t56.fun2story.com/",
      "color": "Tomato",
      "icon": "https://f.10yun.com/business/3/yw_sns/2019/0303/3_87856531.png?1551609159"
    },
    {
      "title": "소리티비",
      "href": "https://soritv2.com/",
      "color": "Black",
      "icon": "https://f.10yun.com/business/3/yw_sns/2019/0303/3_87856531.png?1551609159"
    },
    {
      "title": "채널코리아",
      "href": "https://www.ch-korea29.com/",
      "color": "Black",
      "icon": "https://f.10yun.com/business/3/yw_sns/2019/0303/3_87856531.png?1551609159"
    },
    {
      "title": "고구마티비",
      "href": "https://goguma33.tv/",
      "color": "Black",
      "icon": "https://f.10yun.com/business/3/yw_sns/2019/0303/3_87856531.png?1551609159"
    },
    {
      "title": "티비나",
      "href": "http://tvnara34.net/",
      "color": "Black",
      "icon": "https://f.10yun.com/business/3/yw_sns/2019/0303/3_87856531.png?1551609159"
    },
    {
      "title": "티비국",
      "href": "https://www.tvgook62.com/",
      "color": "Black",
      "icon": "https://f.10yun.com/business/3/yw_sns/2019/0303/3_87856531.png?1551609159"
    },
    {
      "title": "메일티비",
      "href": "http://www.meailtv.com/",
      "color": "Black",
      "icon": "https://f.10yun.com/business/3/yw_sns/2019/0303/3_87856531.png?1551609159"
    },
    {
      "title": "시라지티비",
      "href": "http://www.xirajitv24.com/",
      "color": "Black",
      "icon": "https://f.10yun.com/business/3/yw_sns/2019/0303/3_87856531.png?1551609159"
    }
  ],
  "福利导航": [
    {
      "title": "香蕉视频",
      "href": ""
    },
    {
      "title": "香蕉视频",
      "href": ""
    },
    {
      "title": "香蕉视频",
      "href": ""
    }
  ],
  "论坛博客": [
    {
      "title": "香蕉视频",
      "href": ""
    },
    {
      "title": "香蕉视频",
      "href": ""
    },
    {
      "title": "香蕉视频",
      "href": ""
    }
  ],
  "福利小说": [
    {
      "title": "香蕉视频",
      "href": ""
    },
    {
      "title": "香蕉视频",
      "href": ""
    },
    {
      "title": "香蕉视频",
      "href": ""
    }
  ],
  "高清资源": [
    {
      "title": "香蕉视频",
      "href": ""
    },
    {
      "title": "香蕉视频",
      "href": ""
    },
    {
      "title": "香蕉视频",
      "href": ""
    }
  ],
  "动漫ACG": [
    {
      "title": "香蕉视频",
      "href": ""
    },
    {
      "title": "香蕉视频",
      "href": ""
    },
    {
      "title": "香蕉视频",
      "href": ""
    }
  ],
  "国外视频": [
    {
      "title": "香蕉视频",
      "href": ""
    },
    {
      "title": "香蕉视频",
      "href": ""
    },
    {
      "title": "香蕉视频",
      "href": ""
    }
  ],
  "购物": [
    {
      "title": "香蕉视频",
      "href": ""
    },
    {
      "title": "香蕉视频",
      "href": ""
    },
    {
      "title": "香蕉视频",
      "href": ""
    }
  ],
  "工具": [
    {
      "title": "香蕉视频",
      "href": ""
    },
    {
      "title": "香蕉视频",
      "href": ""
    },
    {
      "title": "香蕉视频",
      "href": ""
    }
  ],
  "社交": [
    {
      "title": "香蕉视频",
      "href": ""
    },
    {
      "title": "香蕉视频",
      "href": ""
    },
    {
      "title": "香蕉视频",
      "href": ""
    }
  ],
  "学习": [
    {
      "title": "香蕉视频",
      "href": ""
    },
    {
      "title": "香蕉视频",
      "href": ""
    },
    {
      "title": "香蕉视频",
      "href": ""
    }
  ],
  "求职": [
    {
      "title": "香蕉视频",
      "href": ""
    },
    {
      "title": "香蕉视频",
      "href": ""
    },
    {
      "title": "香蕉视频",
      "href": ""
    }
  ],
  "娱乐": [
    {
      "title": "香蕉视频",
      "href": ""
    },
    {
      "title": "香蕉视频",
      "href": ""
    },
    {
      "title": "香蕉视频",
      "href": ""
    }
  ],
  "Built with": [
    {
      "title": "jQuery",
      "href": ""
    },
    {
      "title": "오피제작:",
      "href": ""
    },
    {
      "title": "Av제작:",
      "href": ""
    }
  ],
  "Powered by": [
    {
      "title": "JavaScript",
      "href": "https://www.inflearn.com/courses/it-programming/web-dev?skill=html-css"
    },
    {
      "title": "Gnuboard5-sir.kr",
      "href": "https://gnustudy.com/"
    },
    {
      "title": "wp-Wordpress",
      "href": "https://www.inflearn.com/courses?s=wordpress&order=search&page=1"
    }
  ],
  "About": [
    {
      "title": "Jekyll",
      "href": "https://jekyllrb.com/"
    },
    {
      "title": "GitHub",
      "href": ""
    },
    {
      "title": "Shields.io",
      "href": "https://shields.io/"
    }
  ],
  "小X福利导航 - 这里只有精品！": [
    {
      "title": "www.naver114.com",
      "href": ""
    },
    {
      "title": "제작의뢰 받아요",
      "href": ""
    },
    {
      "title": "WeChat：wjdrkdbs9310",
      "href": ""
    }
  ]
}
