{
  "首页": "Home",
  "收录&留言": "신청&문의",
  "值得一看": "공지사항",
  "最新地址": "다음주소",
  "联系邮箱": "메일주소",
  "Ctrl+D快速收藏本站": "Ctrl+D 웹페이지를 북마크로 저장,영구도메인: https://www.naver114.com",
  "小X福利导航 - 满足您的欲望！": "웹사이트 주소 검색 BEST엔진!",
  "本站宗旨：收录全面": "오피,성인,웹툰,드라마,먹튀검증,실시간TV,토렌트 주소찾기!",
  "TOP": "TOP1",
  "推荐①区": "推荐100000区"
}
